modelo,tipo,accuracy,precision,recall,f1,roc_auc,tn,fp,fn,tp
DummyClassifier_most_frequent,experimental,0.6999854078505764,0.0,0.0,0.0,0.5,9594,0,4112,0
DummyClassifier_stratified,experimental,0.5806216255654458,0.2957042957042957,0.28793774319066145,0.2917693445046821,0.49700201731140325,6774,2820,2928,1184
Regla_simple_longitud_texto,experimental,0.6133080402743324,0.35659101883148236,0.35919260700389105,0.35788708504967287,0.5489232362111858,6929,2665,2635,1477
Modelo_propuesto_LogisticRegression_TFIDF,experimental,0.6875091200933897,0.48232375439321895,0.567363813229572,0.5213990389987708,0.7327832595802013,7090,2504,1779,2333
