accuracy,precision,recall,f1,roc_auc,tn,fp,fn,tp,model
0.6875091200933897,0.48232375439321895,0.567363813229572,0.5213990389987708,0.7327832595802013,7090,2504,1779,2333,logistic_regression
0.7460966000291843,0.6276252019386107,0.3779182879377432,0.47176684881602915,0.7442419275098169,8672,922,2558,1554,random_forest
0.7555085364074128,0.7221249270286048,0.3008268482490272,0.42472103004291845,0.735365937307607,9118,476,2875,1237,linear_svc
0.7603969064643222,0.8259842519685039,0.25510700389105057,0.389817911557042,0.7551839103395523,9373,221,3063,1049,hist_gradient_boosting
