target,mae,rmse,r2,mape_pct,test_mean
paid_performance_score,8.812764919048815,10.902629646787105,0.37750773469891763,19.457599943242517,50.607021121988566
cpm,4.50505755053344,5.910916344158139,0.5086430751881359,149.55851720913512,10.011057839993084
